"ID","Date","Title","Source","Source Type","Topic Tags","Audience Tags","Reliability","What Changed","Why It Matters","Who It Affects","Suggested Action","URL"
"U01","2026-07-04","NHS accelerates AI rollout to cut waiting times","NHS England","Government / arms-length body","Technology; Policy","Healthcare Managers; Clinicians; Policy Teams","High — primary source, official NHS England announcement","NHS England confirmed how £10bn of previously announced funding will be spent over three years on AI, including a new AI triage tool in the NHS App and wider ambient voice technology for staff note-taking.","This is one of the largest AI deployments in NHS history and signals AI moving from pilot projects into everyday clinical and operational workflow.","Trust digital leads, clinicians who will use ambient voice tools, and patients using the NHS App for triage.","Trusts should review local digital readiness and staff training plans ahead of rollout waves.","https://www.england.nhs.uk/2026/07/nhs-accelerates-artificial-intelligence-rollout-to-cut-waiting-times-and-improve-care-for-millions/"
"U02","2026-06-10","£30m government AI funding to speed up cancer diagnosis","GOV.UK / DHSC, DSIT, NHS England","Government press release","Funding; Technology; Clinical Guidance","Clinicians; Commissioners; Healthcare Managers","High — primary source, joint government announcement","£20m will extend an existing AI lung-cancer imaging tool to every NHS trust in England by 2029, plus £8.1m to pilot six further AI/digital tools across 13 sites for heart failure, stroke and lung cancer.","Early data shows the AI tool cuts average radiology turnaround from 8 days to 4, directly affecting diagnosis speed and survival odds.","Radiology departments, cancer commissioning teams, and patients on diagnostic pathways.","Trusts not yet using the tool should register interest for the national rollout schedule.","https://www.gov.uk/government/news/ai-to-speed-up-cancer-diagnosis-for-millions-of-nhs-patients"
"U03","2026-05-19","NHS SBS launches £900m Healthcare AI Solutions procurement framework","Digital Health News / NHS Shared Business Services","Trade press","Market; Technology; Funding","Industry Stakeholders; Commissioners; Healthcare Managers","Medium-High — established trade publication, primary quotes from NHS SBS","NHS Shared Business Services opened a £900m framework agreement that NHS organisations can use to procure AI products across prevention, diagnosis and treatment.","It creates a pre-approved commercial route to market for AI suppliers and is expected to shape which vendors trusts can realistically buy from over the next few years.","AI/health-tech vendors, procurement leads, and ICB digital teams.","Suppliers should check framework lot eligibility; commissioners should map the framework against local AI investment plans.","https://www.digitalhealth.net/2026/05/nhs-sbs-launches-900m-healthcare-ai-solutions-framework/"
"U04","2026-07-14","Sector reaction to accelerated NHS AI rollout: caution on data quality and training","Digital Health News","Trade press","Technology; Policy","Healthcare Managers; Policy Teams; Industry Stakeholders","Medium — trade press summarising multiple sector voices","Health-sector commentators welcomed new AI funding but warned that governance, data quality and staff training — not funding — will determine whether the rollout succeeds.","Highlights a recurring implementation risk: technology alone does not guarantee productivity gains without workflow redesign.","Trust boards, informatics teams, and workforce planning leads.","Pair any local AI deployment with a data-quality audit and a named training lead before go-live.","https://www.digitalhealth.net/2026/07/health-sector-cautiously-welcomes-nhs-ai-rollout/"
"U05","2026-05-13","NHS Modernisation Bill introduced in King's Speech","The King's Fund","Independent policy think tank","Policy; Regulation","Policy Teams; Healthcare Managers; Commissioners","High — respected independent policy analysis","A new NHS Modernisation Bill was laid before Parliament, providing the legal basis to abolish NHS England and transfer its functions into the Department of Health and Social Care, alongside expanded Secretary of State powers over commissioning.","This is the biggest structural reorganisation of the NHS in over a decade and will reshape accountability lines at national and local level.","NHS England staff, ICB leaders, and anyone working across national/regional NHS governance structures.","Policy and governance teams should track the Bill's passage and plan for transitional arrangements.","https://www.kingsfund.org.uk/insight-and-analysis/long-reads/explaining-nhs-modernisation-health-bill-2026"
"U06","2026-01-01","NHS Medium Term Planning Framework sets 2026/27 performance targets","EMJ Reviews, citing NHS England / King's Fund analysis","Trade / policy press","Policy; Funding","Commissioners; Healthcare Managers; Clinicians","Medium — secondary reporting citing primary NHS England and King's Fund sources","NHS England's Medium Term Planning Framework sets an interim target of 70% of patients waiting under 18 weeks for elective care by 2026/27, rising to 92% by 2028/29, plus new community and primary care access targets.","King's Fund analysis notes more patients are currently joining waiting lists each month than are being treated, making the target a stretch goal that will shape local performance pressure.","Elective care teams, ICB performance leads, and patients on waiting lists.","Provider performance teams should benchmark local trajectories against the 70%/2026-27 interim milestone.","https://www.emjreviews.com/general-healthcare/news/2026-is-pivotal-for-the-nhs-workforce-digital-policy/"
"U07","2026-03-25","2026 to 2027 financial directions to NHS England published","GOV.UK / DHSC","Government official publication","Funding; Regulation","Commissioners; Healthcare Managers; Policy Teams","High — primary government financial directions document","DHSC published binding revenue resource use limits for NHS England Group and NHS providers for 2026/27, following Spending Review 2025.","These limits set the hard financial ceiling that ICBs and trusts must plan within for the coming year.","NHS finance directors and ICB commissioning teams.","Finance teams should reconcile local budgets against the published resource limits before finalising 2026/27 plans.","https://assets.publishing.service.gov.uk/media/69c3f3b5471d520038d0f5e6/2026-to-2027-financial-directions-to-NHS-England.pdf"
"U08","2026-02-12","NHS Pay Review Body 2026/27 pay award accepted in full","UK Parliament — Written Ministerial Statement","Government official statement","Funding; Policy","Healthcare Managers; Clinicians; Policy Teams","High — primary parliamentary record","The Government accepted in full the NHS Pay Review Body's recommendation for 2026/27, with costs above the original affordability position absorbed by DHSC and arm's-length bodies rather than frontline service cuts.","Directly affects NHS staff pay and trust cost pressures for the coming financial year.","NHS workforce and finance leads, and all NHS Agenda for Change staff.","Trust HR and finance teams should update 2026/27 pay budgets to reflect the confirmed award.","https://questions-statements.parliament.uk/written-statements/detail/2026-02-12/hcws1340"
"U09","2026-02-18","NICE widens access to SGLT-2 inhibitors and GLP-1s for type 2 diabetes","The Pharmaceutical Journal","Trade / clinical press","Clinical Guidance","Clinicians; Commissioners","High — specialist clinical/pharmacy publication reporting NICE guidance","Updated NICE guidance recommends SGLT-2 inhibitors earlier alongside metformin for newly diagnosed type 2 diabetes and significantly expands access to GLP-1 receptor agonists, moving away from a purely glucose-centred approach.","NICE estimates the change could prevent around 17,000 deaths over three years by better protecting heart and kidney function.","GPs, diabetes specialist teams, and pharmacy prescribing leads.","Primary care prescribing leads should update local formularies and clinical decision support to reflect the new eligibility criteria.","https://pharmaceutical-journal.com/article/news/nice-widens-access-to-sglt-2-inhibitors-and-glp-1s-in-updated-type-2-diabetes-guidance"
"U10","2026-04-15","NICE HealthTech guidance on digital spirometry algorithms for asthma/COPD","Prescriber.org.uk (NICE guidance digest)","Clinical practice digest","Clinical Guidance; Technology","Clinicians","High — digest of official NICE guidance","NICE published early-use HealthTech guidance on digital technologies that apply algorithms to spirometry results to support asthma and COPD diagnosis in primary care and community diagnostic centres.","Formal NICE sign-off gives primary care and diagnostic services a clearer evidence basis to adopt these digital diagnostic aids.","Primary care networks, respiratory clinicians, and community diagnostic centre leads.","Respiratory service leads should assess local suitability for early adoption per NICE's use conditions.","https://www.prescriber.org.uk/2026/04/nice-guidance-april-2026/"
"U11","2026-02-26","NICE technology appraisal: sodium zirconium cyclosilicate for hyperkalaemia","Prescriber.org.uk (NICE guidance digest)","Clinical practice digest","Clinical Guidance","Clinicians; Commissioners","High — digest of official NICE technology appraisal","NICE approved sodium zirconium cyclosilicate as an option for acute life-threatening and persistent hyperkalaemia in defined patient groups, including people with chronic kidney disease or heart failure.","Gives clinicians a NICE-approved treatment pathway for a condition with limited existing options in specific patient subgroups.","Renal and cardiology teams, hospital pharmacy, and medicines optimisation leads.","Medicines optimisation committees should confirm local formulary inclusion and eligibility criteria.","https://www.prescriber.org.uk/2026/04/nice-guidance-april-2026/"
"U12","2026-01-08","NICE updates overweight and obesity management guideline","Prescriber.org.uk (NICE guidance digest)","Clinical practice digest","Clinical Guidance; Public Health","Clinicians; Policy Teams","High — digest of official NICE guidance","NICE updated its guideline on preventing and managing overweight, obesity and central adiposity across children, young people and adults.","Obesity management guidance affects a very large patient population and interacts with wider public health strategy.","GPs, public health teams, and weight-management service commissioners.","Public health and primary care leads should review local weight-management pathways against the updated guideline.","https://www.prescriber.org.uk/2026/01/nice-guidance-january-2026/"
"U13","2026-03-01","NICE guidance on fertility problems: assessment and treatment (replaces 2013 guidance)","Prescriber.org.uk (NICE guidance digest)","Clinical practice digest","Clinical Guidance","Clinicians; Patients","High — digest of official NICE guidance","NICE published new guidance on diagnosing and treating fertility problems, replacing guidance originally issued in 2013.","A 13-year-old guideline being replaced signals a substantial evidence update affecting how fertility investigations are managed.","Fertility clinics, gynaecology teams, and patients undergoing fertility assessment.","Fertility service leads should review current care pathways against the new recommendations.","https://www.prescriber.org.uk/2026/03/nice-guidance-march-2026/"
"U14","2026-06-24","Met Office and UKHSA issue rare red heat-health alert","UKHSA / Met Office (via ITV News, GOV.UK)","Government agency alert","Public Health","Clinicians; Healthcare Managers; Patients","High — official UKHSA/Met Office alert, corroborated by multiple outlets","UKHSA and the Met Office issued only the second-ever red heat-health alert (after July 2022), covering six English regions with temperatures forecast near 40°C and consecutive tropical nights.","Red alerts indicate risk to life for the general population, not just vulnerable groups, and typically trigger surge planning in urgent and emergency care.","A&E and ambulance services, care homes, and the general public in affected regions.","Trusts in affected regions should activate heatwave surge plans and public-facing safety messaging.","https://www.gov.uk/government/news/ukhsa-updates-heat-health-alerts-across-england"
"U15","2026-06-11","UKHSA publishes first-ever Health Security Risk Assessment","UKHSA (via Streamlinefeed / gov.uk reporting)","Government agency report","Public Health; Policy","Policy Teams; Healthcare Managers","Medium-High — reporting on an official UKHSA publication","UKHSA's first Health Security Risk Assessment ranks respiratory infections with pandemic potential as the top-tier threat, alongside extreme weather and antimicrobial resistance, modelled across five years.","This is the UK's first formal, structured national assessment of this kind and will likely shape future preparedness funding and planning priorities.","Emergency preparedness leads, infection control teams, and public health policy teams.","Preparedness leads should compare current local resilience plans against the report's highest-tier threats.","https://streamlinefeed.co.ke/news/ukhsa-publishes-inaugural-health-security-risk-assessment-detailing-severe-threats"
"U16","2026-05-22","UKHSA issues first amber heat-health alert of 2026","GOV.UK — UKHSA","Government agency alert","Public Health","Clinicians; Patients; Healthcare Managers","High — primary UKHSA alert","UKHSA issued the first amber heat-health alert of the year for five English regions, with yellow alerts elsewhere, ahead of rising summer temperatures.","Amber alerts signal likely increased demand on health and social care services from heat-vulnerable groups.","Primary care, social care providers, and vulnerable patients (elderly, very young, those with chronic conditions).","Care providers should check on vulnerable patients and review local adverse weather plans.","https://www.gov.uk/government/news/ukhsa-updates-heat-health-alerts-across-england"
"U17","2026-07-13","Record A&E attendances recorded during July heatwave and World Cup period","NHS England (London)","Government / arms-length body","Public Health; Policy","Healthcare Managers; Clinicians","High — primary NHS England regional data release","NHS London reported 428,463 A&E attendances and 130,929 ambulance incidents in a single week, alongside record 2.5 million national A&E attendances in July amid two heatwaves.","Confirms urgent and emergency care is under exceptional simultaneous pressure from extreme heat and a major public event.","A&E and ambulance service leaders, urgent care commissioners.","Operational leads should review escalation and surge capacity plans ahead of similar concurrent-pressure events.","https://www.england.nhs.uk/london/news/"
"U18","2026-06-01","Elective performance reaches five-year best against 18-week target","NHS England (London)","Government / arms-length body","Policy; Clinical Guidance","Commissioners; Healthcare Managers","High — primary NHS England data release","Despite record A&E pressure, elective (planned) care performance against the 18-week referral-to-treatment target reached its best level in nearly five years.","Shows elective recovery progress is holding even as urgent care faces record demand — a useful counterpoint for performance reporting.","Elective care commissioners and provider performance teams.","Use this data point when communicating elective recovery progress to boards and the public.","https://www.england.nhs.uk/london/news/"
"U19","2026-07-13","Nearly 305,000 free emergency contraception doses supplied via pharmacies","NHS England","Government / arms-length body","Public Health; Policy","Clinicians; Patients; Commissioners","High — primary NHS England data release","Almost 305,000 doses of emergency contraception were supplied free at community pharmacies between October 2025 and March 2026 without prior booking.","Demonstrates strong uptake of a walk-in pharmacy access model, relevant to wider Pharmacy First-style service expansion.","Community pharmacy teams and sexual health commissioners.","Commissioners could use this uptake data to support the case for expanding similar walk-in pharmacy services.","https://www.england.nhs.uk/news/"
"U20","2026-06-01","NHS approves fampridine, first walking-improvement therapy for MS","NHS England","Government / arms-length body","Clinical Guidance; Funding","Clinicians; Patients; Commissioners","High — primary NHS England announcement","Fampridine, the first medicine designed to improve walking ability in adults with multiple sclerosis, is now routinely available on the NHS.","Offers a new treatment option for a symptom (mobility) with previously limited pharmacological management.","Neurology teams and MS patients.","Neurology services should update patient information and referral pathways to include the new option.","https://www.england.nhs.uk/news/"
"U21","2026-06-01","Two new NHS treatments approved for rare blood cancers in infants and children","NHS England","Government / arms-length body","Clinical Guidance; Funding","Clinicians; Commissioners; Patients","High — primary NHS England announcement","Two newly approved cutting-edge treatments for rare blood cancers are now available, expected to benefit around 200 patients a year, including infants and young children.","Extends treatment options for patients who had exhausted other therapies, particularly in paediatric cases.","Paediatric oncology and haematology teams, and specialist commissioners.","Specialist commissioning teams should confirm funding pathways and referral criteria for eligible patients.","https://www.england.nhs.uk/news/"
"U22","2026-07-21","New Secretary of State for Health and Social Care appointed","NHS Confederation","Membership body / sector news digest","Policy","Policy Teams; Healthcare Managers","Medium-High — sector body reporting on a confirmed government appointment","Yvette Cooper was appointed Secretary of State for Health and Social Care, with a stated focus on maternity services and social care reform.","A change in the department's political leadership can shift near-term policy priorities and messaging.","DHSC teams, NHS leadership, and sector bodies engaging with government.","Policy and public affairs teams should update stakeholder engagement plans to reflect the new ministerial priorities.","https://www.nhsconfed.org/articles/health-care-sector-latest-developments"
"U23","2026-05-27","Health Foundation event flags open questions on the single patient record","The Health Foundation","Independent policy/research charity","Technology; Policy","Policy Teams; Industry Stakeholders; Healthcare Managers","High — respected independent health policy charity","Health policy experts highlighted that key implementation details of the planned NHS single patient record are still undefined, raising four open questions for government.","The single patient record is a foundational piece of NHS digital strategy; unresolved design questions carry knock-on risk for interoperability projects.","NHS digital/data leaders and technology suppliers planning around the single patient record.","Digital strategy teams should track further government detail before committing to dependent local projects.","https://www.health.org.uk/events/ai-in-the-nhs-2026"
"U24","2026-06-25","NHS trusts warned of legal risk over IHRA antisemitism definition adoption","NHS Confederation, citing HSJ","Membership body / sector news digest","Regulation; Policy","Healthcare Managers; Policy Teams","Medium — secondary reporting on a review's recommendations","Following Lord Mann's review on antisemitism in the NHS, trusts were warned they could face legal challenges if they adopt the IHRA definition of antisemitism in policy.","Creates a governance and legal-risk decision point for trust boards on an equalities policy matter.","Trust boards, HR/equalities leads, and legal teams.","Governance teams should seek legal advice before adopting or declining the IHRA definition locally.","https://www.nhsconfed.org/articles/health-care-sector-latest-developments"
"U25","2026-05-01","Health tech suppliers predict AI-driven shift to out-of-hospital, data-driven pathways","Digital Health News","Trade press","Market; Technology","Industry Stakeholders; Healthcare Managers","Medium — trade press summarising industry predictions, not independently verified outcomes","Health-tech suppliers surveyed by Digital Health News predict AI will increasingly move care out of hospitals via interoperable, data-driven pathways, with community pharmacy playing a bigger role.","Signals where commercial health-tech investment and product development is likely heading over the next year.","Digital health vendors, ICB digital transformation leads, and community pharmacy providers.","Digital transformation leads may want to factor these industry directions into local technology roadmaps, while treating them as vendor predictions rather than confirmed policy.","https://www.digitalhealth.net/2026/01/2026-predictions-health-tech-suppliers-have-their-say/"